"sample","species","polymer","concentration"
"B1","Myrmecophaga_tridactyla","PVC",0
"B1","Myrmecophaga_tridactyla","Polyethylene",0
"B1","Myrmecophaga_tridactyla","Polystyrene",0
"B1","Myrmecophaga_tridactyla","ABS",1.25
"B1","Myrmecophaga_tridactyla","Cellulose",0
"B1","Myrmecophaga_tridactyla","Other",15
"B1","Myrmecophaga_tridactyla","Polyamide",0
"B1","Myrmecophaga_tridactyla","Polypropylene",0
"B1","Myrmecophaga_tridactyla","Teflon",0
"B1","Myrmecophaga_tridactyla","Silicon",0
"B1","Myrmecophaga_tridactyla","Rubber",5
"B1","Myrmecophaga_tridactyla","PET",0
"B1","Myrmecophaga_tridactyla","Polyester",0
"B11","Myrmecophaga_tridactyla","ABS",1.25
"B11","Myrmecophaga_tridactyla","Cellulose",6.25
"B11","Myrmecophaga_tridactyla","Other",7.5
"B11","Myrmecophaga_tridactyla","PVC",0
"B11","Myrmecophaga_tridactyla","Polyester",0
"B11","Myrmecophaga_tridactyla","Polyethylene",0
"B11","Myrmecophaga_tridactyla","Polypropylene",0
"B11","Myrmecophaga_tridactyla","Polyamide",2.5
"B11","Myrmecophaga_tridactyla","Teflon",11.25
"B11","Myrmecophaga_tridactyla","Silicon",0
"B11","Myrmecophaga_tridactyla","Rubber",0
"B11","Myrmecophaga_tridactyla","PET",0
"B11","Myrmecophaga_tridactyla","Polystyrene",0
"B13","Myrmecophaga_tridactyla","ABS",0
"B13","Myrmecophaga_tridactyla","Cellulose",0
"B13","Myrmecophaga_tridactyla","Other",17.5
"B13","Myrmecophaga_tridactyla","Polystyrene",0
"B13","Myrmecophaga_tridactyla","Polyester",0
"B13","Myrmecophaga_tridactyla","Polyethylene",0
"B13","Myrmecophaga_tridactyla","Polypropylene",0
"B13","Myrmecophaga_tridactyla","Polyamide",1.25
"B13","Myrmecophaga_tridactyla","Rubber",0
"B13","Myrmecophaga_tridactyla","PET",0
"B13","Myrmecophaga_tridactyla","PVC",10
"B13","Myrmecophaga_tridactyla","Silicon",1.25
"B13","Myrmecophaga_tridactyla","Teflon",0
"B14","Myrmecophaga_tridactyla","PVC",0
"B14","Myrmecophaga_tridactyla","Silicon",0
"B14","Myrmecophaga_tridactyla","ABS",0
"B14","Myrmecophaga_tridactyla","Cellulose",0
"B14","Myrmecophaga_tridactyla","Other",2.5
"B14","Myrmecophaga_tridactyla","Polyamide",0
"B14","Myrmecophaga_tridactyla","Polyester",0
"B14","Myrmecophaga_tridactyla","Polyethylene",0
"B14","Myrmecophaga_tridactyla","Polystyrene",0
"B14","Myrmecophaga_tridactyla","Polypropylene",0
"B14","Myrmecophaga_tridactyla","Rubber",0
"B14","Myrmecophaga_tridactyla","PET",0
"B14","Myrmecophaga_tridactyla","Teflon",0
"B16","Myrmecophaga_tridactyla","Silicon",0
"B16","Myrmecophaga_tridactyla","Cellulose",6.25
"B16","Myrmecophaga_tridactyla","Other",11.25
"B16","Myrmecophaga_tridactyla","Polyamide",5
"B16","Myrmecophaga_tridactyla","ABS",5
"B16","Myrmecophaga_tridactyla","Polyethylene",0
"B16","Myrmecophaga_tridactyla","Polypropylene",21.25
"B16","Myrmecophaga_tridactyla","Polystyrene",76.25
"B16","Myrmecophaga_tridactyla","Polyester",0
"B16","Myrmecophaga_tridactyla","PVC",33.75
"B16","Myrmecophaga_tridactyla","Rubber",2.5
"B16","Myrmecophaga_tridactyla","PET",0
"B16","Myrmecophaga_tridactyla","Teflon",0
"B17","Myrmecophaga_tridactyla","PVC",0
"B17","Myrmecophaga_tridactyla","Cellulose",0
"B17","Myrmecophaga_tridactyla","Other",0
"B17","Myrmecophaga_tridactyla","Polyamide",0
"B17","Myrmecophaga_tridactyla","ABS",0
"B17","Myrmecophaga_tridactyla","Polyethylene",0
"B17","Myrmecophaga_tridactyla","Polypropylene",0
"B17","Myrmecophaga_tridactyla","Polystyrene",0
"B17","Myrmecophaga_tridactyla","Polyester",0
"B17","Myrmecophaga_tridactyla","Rubber",0
"B17","Myrmecophaga_tridactyla","PET",0
"B17","Myrmecophaga_tridactyla","Teflon",0
"B17","Myrmecophaga_tridactyla","Silicon",0
"B18","Myrmecophaga_tridactyla","Silicon",0
"B18","Myrmecophaga_tridactyla","Rubber",0
"B18","Myrmecophaga_tridactyla","PET",0
"B18","Myrmecophaga_tridactyla","ABS",0
"B18","Myrmecophaga_tridactyla","Cellulose",0
"B18","Myrmecophaga_tridactyla","Other",0
"B18","Myrmecophaga_tridactyla","Polyamide",0
"B18","Myrmecophaga_tridactyla","Polyester",0
"B18","Myrmecophaga_tridactyla","Polyethylene",0
"B18","Myrmecophaga_tridactyla","Polystyrene",0
"B18","Myrmecophaga_tridactyla","PVC",0
"B18","Myrmecophaga_tridactyla","Teflon",0
"B18","Myrmecophaga_tridactyla","Polypropylene",0
"B19","Myrmecophaga_tridactyla","PET",1.25
"B19","Myrmecophaga_tridactyla","ABS",0
"B19","Myrmecophaga_tridactyla","Other",1.25
"B19","Myrmecophaga_tridactyla","Polyamide",0
"B19","Myrmecophaga_tridactyla","Polyester",0
"B19","Myrmecophaga_tridactyla","Cellulose",0
"B19","Myrmecophaga_tridactyla","Polypropylene",0
"B19","Myrmecophaga_tridactyla","Polystyrene",0
"B19","Myrmecophaga_tridactyla","PVC",5
"B19","Myrmecophaga_tridactyla","Polyethylene",0
"B19","Myrmecophaga_tridactyla","Rubber",0
"B19","Myrmecophaga_tridactyla","Teflon",0
"B19","Myrmecophaga_tridactyla","Silicon",2.5
"B2","Myrmecophaga_tridactyla","Silicon",1.25
"B2","Myrmecophaga_tridactyla","ABS",0
"B2","Myrmecophaga_tridactyla","Other",11.25
"B2","Myrmecophaga_tridactyla","Polyamide",5
"B2","Myrmecophaga_tridactyla","Polyester",0
"B2","Myrmecophaga_tridactyla","Cellulose",52.5
"B2","Myrmecophaga_tridactyla","Polypropylene",0
"B2","Myrmecophaga_tridactyla","Polystyrene",3.75
"B2","Myrmecophaga_tridactyla","PVC",0
"B2","Myrmecophaga_tridactyla","Polyethylene",0
"B2","Myrmecophaga_tridactyla","PET",0
"B2","Myrmecophaga_tridactyla","Teflon",0
"B2","Myrmecophaga_tridactyla","Rubber",2.5
"B20","Myrmecophaga_tridactyla","Teflon",0
"B20","Myrmecophaga_tridactyla","Silicon",1.25
"B20","Myrmecophaga_tridactyla","PET",0
"B20","Myrmecophaga_tridactyla","ABS",0
"B20","Myrmecophaga_tridactyla","Cellulose",0
"B20","Myrmecophaga_tridactyla","Other",1.25
"B20","Myrmecophaga_tridactyla","Polyamide",0
"B20","Myrmecophaga_tridactyla","Polyester",0
"B20","Myrmecophaga_tridactyla","Polyethylene",1.25
"B20","Myrmecophaga_tridactyla","Polypropylene",3.75
"B20","Myrmecophaga_tridactyla","Polystyrene",0
"B20","Myrmecophaga_tridactyla","Rubber",0
"B20","Myrmecophaga_tridactyla","PVC",2.5
"B21","Myrmecophaga_tridactyla","ABS",0
"B21","Myrmecophaga_tridactyla","Cellulose",0
"B21","Myrmecophaga_tridactyla","Other",0
"B21","Myrmecophaga_tridactyla","Teflon",0
"B21","Myrmecophaga_tridactyla","Polyester",0
"B21","Myrmecophaga_tridactyla","Polyethylene",0
"B21","Myrmecophaga_tridactyla","Polypropylene",5
"B21","Myrmecophaga_tridactyla","Polyamide",0
"B21","Myrmecophaga_tridactyla","PVC",11.25
"B21","Myrmecophaga_tridactyla","Silicon",0
"B21","Myrmecophaga_tridactyla","Rubber",0
"B21","Myrmecophaga_tridactyla","Polystyrene",0
"B21","Myrmecophaga_tridactyla","PET",0
"B22","Myrmecophaga_tridactyla","ABS",1.25
"B22","Myrmecophaga_tridactyla","Cellulose",13.75
"B22","Myrmecophaga_tridactyla","Other",8.75
"B22","Myrmecophaga_tridactyla","PET",22.5
"B22","Myrmecophaga_tridactyla","Polyester",10
"B22","Myrmecophaga_tridactyla","Polyethylene",0
"B22","Myrmecophaga_tridactyla","Polypropylene",45
"B22","Myrmecophaga_tridactyla","Polyamide",0
"B22","Myrmecophaga_tridactyla","PVC",18.75
"B22","Myrmecophaga_tridactyla","Silicon",0
"B22","Myrmecophaga_tridactyla","Rubber",1.25
"B22","Myrmecophaga_tridactyla","Polystyrene",0
"B22","Myrmecophaga_tridactyla","Teflon",0
"B23","Myrmecophaga_tridactyla","Teflon",0
"B23","Myrmecophaga_tridactyla","Other",5
"B23","Myrmecophaga_tridactyla","ABS",1.25
"B23","Myrmecophaga_tridactyla","Cellulose",0
"B23","Myrmecophaga_tridactyla","Polypropylene",1.25
"B23","Myrmecophaga_tridactyla","Polyamide",0
"B23","Myrmecophaga_tridactyla","Polyester",3.75
"B23","Myrmecophaga_tridactyla","Polyethylene",0
"B23","Myrmecophaga_tridactyla","PET",0
"B23","Myrmecophaga_tridactyla","Polystyrene",0
"B23","Myrmecophaga_tridactyla","PVC",53.75
"B23","Myrmecophaga_tridactyla","Silicon",0
"B23","Myrmecophaga_tridactyla","Rubber",0
"B24","Myrmecophaga_tridactyla","ABS",0
"B24","Myrmecophaga_tridactyla","Cellulose",0
"B24","Myrmecophaga_tridactyla","Other",0
"B24","Myrmecophaga_tridactyla","Polyamide",0
"B24","Myrmecophaga_tridactyla","Polyester",0
"B24","Myrmecophaga_tridactyla","Polyethylene",0
"B24","Myrmecophaga_tridactyla","Polypropylene",0
"B24","Myrmecophaga_tridactyla","Polystyrene",0
"B24","Myrmecophaga_tridactyla","PVC",3.75
"B24","Myrmecophaga_tridactyla","Silicon",0
"B24","Myrmecophaga_tridactyla","Rubber",1.25
"B24","Myrmecophaga_tridactyla","PET",0
"B24","Myrmecophaga_tridactyla","Teflon",0
"B25","Priodontes_maximus","ABS",0
"B25","Priodontes_maximus","Cellulose",6.25
"B25","Priodontes_maximus","Other",0
"B25","Priodontes_maximus","Polyamide",0
"B25","Priodontes_maximus","Teflon",0
"B25","Priodontes_maximus","Polyethylene",0
"B25","Priodontes_maximus","Polypropylene",0
"B25","Priodontes_maximus","Polystyrene",0
"B25","Priodontes_maximus","Polyester",0
"B25","Priodontes_maximus","Silicon",0
"B25","Priodontes_maximus","Rubber",0
"B25","Priodontes_maximus","PET",0
"B25","Priodontes_maximus","PVC",0
"B27","Priodontes_maximus","ABS",0
"B27","Priodontes_maximus","Cellulose",0
"B27","Priodontes_maximus","Other",1.25
"B27","Priodontes_maximus","Polyamide",0
"B27","Priodontes_maximus","Polyester",0
"B27","Priodontes_maximus","Polyethylene",0
"B27","Priodontes_maximus","Polypropylene",0
"B27","Priodontes_maximus","Polystyrene",0
"B27","Priodontes_maximus","PVC",0
"B27","Priodontes_maximus","Silicon",0
"B27","Priodontes_maximus","Rubber",0
"B27","Priodontes_maximus","PET",0
"B27","Priodontes_maximus","Teflon",0
"B28","Priodontes_maximus","ABS",0
"B28","Priodontes_maximus","Cellulose",2.5
"B28","Priodontes_maximus","Other",6.25
"B28","Priodontes_maximus","Polyamide",1.25
"B28","Priodontes_maximus","Polyester",1.25
"B28","Priodontes_maximus","Polyethylene",0
"B28","Priodontes_maximus","Polypropylene",16.25
"B28","Priodontes_maximus","Polystyrene",0
"B28","Priodontes_maximus","PVC",1.25
"B28","Priodontes_maximus","Silicon",1.25
"B28","Priodontes_maximus","Rubber",5
"B28","Priodontes_maximus","PET",0
"B28","Priodontes_maximus","Teflon",0
"B3","Myrmecophaga_tridactyla","ABS",0
"B3","Myrmecophaga_tridactyla","Cellulose",20
"B3","Myrmecophaga_tridactyla","Other",7.5
"B3","Myrmecophaga_tridactyla","Polyamide",2.5
"B3","Myrmecophaga_tridactyla","Polyester",0
"B3","Myrmecophaga_tridactyla","Polyethylene",0
"B3","Myrmecophaga_tridactyla","Polypropylene",2.5
"B3","Myrmecophaga_tridactyla","Polystyrene",0
"B3","Myrmecophaga_tridactyla","PVC",0
"B3","Myrmecophaga_tridactyla","Silicon",0
"B3","Myrmecophaga_tridactyla","Rubber",3.75
"B3","Myrmecophaga_tridactyla","PET",0
"B3","Myrmecophaga_tridactyla","Teflon",32.5
"B31","Tapirus_terrestris","ABS",0
"B31","Tapirus_terrestris","Cellulose",0
"B31","Tapirus_terrestris","Other",1.25
"B31","Tapirus_terrestris","Polyamide",0
"B31","Tapirus_terrestris","Polyester",0
"B31","Tapirus_terrestris","Polyethylene",0
"B31","Tapirus_terrestris","Polypropylene",0
"B31","Tapirus_terrestris","Polystyrene",1.25
"B31","Tapirus_terrestris","PVC",0
"B31","Tapirus_terrestris","Silicon",0
"B31","Tapirus_terrestris","Rubber",0
"B31","Tapirus_terrestris","PET",0
"B31","Tapirus_terrestris","Teflon",0
"B32","Tapirus_terrestris","ABS",0
"B32","Tapirus_terrestris","Cellulose",1.25
"B32","Tapirus_terrestris","Other",0
"B32","Tapirus_terrestris","Polyamide",1.25
"B32","Tapirus_terrestris","Polyester",0
"B32","Tapirus_terrestris","Polyethylene",0
"B32","Tapirus_terrestris","Polypropylene",0
"B32","Tapirus_terrestris","Polystyrene",0
"B32","Tapirus_terrestris","PVC",0
"B32","Tapirus_terrestris","Silicon",0
"B32","Tapirus_terrestris","Rubber",0
"B32","Tapirus_terrestris","PET",0
"B32","Tapirus_terrestris","Teflon",0
"B33","Tapirus_terrestris","ABS",0
"B33","Tapirus_terrestris","Cellulose",8.75
"B33","Tapirus_terrestris","Other",3.75
"B33","Tapirus_terrestris","Polyamide",31.25
"B33","Tapirus_terrestris","Polyester",0
"B33","Tapirus_terrestris","Polyethylene",1.25
"B33","Tapirus_terrestris","Polypropylene",0
"B33","Tapirus_terrestris","Polystyrene",2.5
"B33","Tapirus_terrestris","PVC",0
"B33","Tapirus_terrestris","Silicon",0
"B33","Tapirus_terrestris","Rubber",2.5
"B33","Tapirus_terrestris","PET",0
"B33","Tapirus_terrestris","Teflon",2.5
"B34","Tapirus_terrestris","ABS",0
"B34","Tapirus_terrestris","Cellulose",0
"B34","Tapirus_terrestris","Other",0
"B34","Tapirus_terrestris","Polyamide",0
"B34","Tapirus_terrestris","Polyester",0
"B34","Tapirus_terrestris","Polyethylene",0
"B34","Tapirus_terrestris","Polypropylene",0
"B34","Tapirus_terrestris","Polystyrene",0
"B34","Tapirus_terrestris","PVC",0
"B34","Tapirus_terrestris","Silicon",0
"B34","Tapirus_terrestris","Rubber",0
"B34","Tapirus_terrestris","PET",0
"B34","Tapirus_terrestris","Teflon",0
"B35","Tapirus_terrestris","ABS",0
"B35","Tapirus_terrestris","Cellulose",0
"B35","Tapirus_terrestris","Other",3.75
"B35","Tapirus_terrestris","Polyamide",0
"B35","Tapirus_terrestris","Polyester",0
"B35","Tapirus_terrestris","Polyethylene",0
"B35","Tapirus_terrestris","Polypropylene",0
"B35","Tapirus_terrestris","Polystyrene",0
"B35","Tapirus_terrestris","PVC",0
"B35","Tapirus_terrestris","Silicon",0
"B35","Tapirus_terrestris","Rubber",0
"B35","Tapirus_terrestris","PET",0
"B35","Tapirus_terrestris","Teflon",2.5
"B36","Tapirus_terrestris","ABS",0
"B36","Tapirus_terrestris","Cellulose",7.5
"B36","Tapirus_terrestris","Other",1.25
"B36","Tapirus_terrestris","Polyamide",13.75
"B36","Tapirus_terrestris","Polyester",0
"B36","Tapirus_terrestris","Polyethylene",0
"B36","Tapirus_terrestris","Polypropylene",0
"B36","Tapirus_terrestris","Polystyrene",0
"B36","Tapirus_terrestris","PVC",0
"B36","Tapirus_terrestris","Silicon",0
"B36","Tapirus_terrestris","Rubber",0
"B36","Tapirus_terrestris","PET",0
"B36","Tapirus_terrestris","Teflon",1.25
"B37","Tapirus_terrestris","ABS",0
"B37","Tapirus_terrestris","Cellulose",0
"B37","Tapirus_terrestris","Other",40
"B37","Tapirus_terrestris","Polyamide",0
"B37","Tapirus_terrestris","Polyester",0
"B37","Tapirus_terrestris","Polyethylene",30
"B37","Tapirus_terrestris","Polypropylene",0
"B37","Tapirus_terrestris","Polystyrene",2.5
"B37","Tapirus_terrestris","PVC",0
"B37","Tapirus_terrestris","Silicon",0
"B37","Tapirus_terrestris","Rubber",0
"B37","Tapirus_terrestris","PET",0
"B37","Tapirus_terrestris","Teflon",213.75
"B38","Tapirus_terrestris","ABS",0
"B38","Tapirus_terrestris","Cellulose",0
"B38","Tapirus_terrestris","Other",2.5
"B38","Tapirus_terrestris","Polyamide",0
"B38","Tapirus_terrestris","Polyester",0
"B38","Tapirus_terrestris","Polyethylene",0
"B38","Tapirus_terrestris","Polypropylene",1.25
"B38","Tapirus_terrestris","Polystyrene",0
"B38","Tapirus_terrestris","PVC",0
"B38","Tapirus_terrestris","Silicon",0
"B38","Tapirus_terrestris","Rubber",0
"B38","Tapirus_terrestris","PET",0
"B38","Tapirus_terrestris","Teflon",0
"B39","Tapirus_terrestris","ABS",0
"B39","Tapirus_terrestris","Cellulose",0
"B39","Tapirus_terrestris","Other",1.25
"B39","Tapirus_terrestris","Polyamide",0
"B39","Tapirus_terrestris","Polyester",1.25
"B39","Tapirus_terrestris","Polyethylene",0
"B39","Tapirus_terrestris","Polypropylene",1.25
"B39","Tapirus_terrestris","Polystyrene",0
"B39","Tapirus_terrestris","PVC",1.25
"B39","Tapirus_terrestris","Silicon",0
"B39","Tapirus_terrestris","Rubber",0
"B39","Tapirus_terrestris","PET",0
"B39","Tapirus_terrestris","Teflon",0
"B4","Myrmecophaga_tridactyla","ABS",0
"B4","Myrmecophaga_tridactyla","Cellulose",0
"B4","Myrmecophaga_tridactyla","Other",0
"B4","Myrmecophaga_tridactyla","Polyamide",0
"B4","Myrmecophaga_tridactyla","Polyester",0
"B4","Myrmecophaga_tridactyla","Polyethylene",0
"B4","Myrmecophaga_tridactyla","Polypropylene",0
"B4","Myrmecophaga_tridactyla","Polystyrene",0
"B4","Myrmecophaga_tridactyla","PVC",0
"B4","Myrmecophaga_tridactyla","Silicon",0
"B4","Myrmecophaga_tridactyla","Rubber",0
"B4","Myrmecophaga_tridactyla","PET",0
"B4","Myrmecophaga_tridactyla","Teflon",0
"B40","Tapirus_terrestris","ABS",0
"B40","Tapirus_terrestris","Cellulose",0
"B40","Tapirus_terrestris","Other",0
"B40","Tapirus_terrestris","Polyamide",0
"B40","Tapirus_terrestris","Polyester",0
"B40","Tapirus_terrestris","Polyethylene",0
"B40","Tapirus_terrestris","Polypropylene",0
"B40","Tapirus_terrestris","Polystyrene",0
"B40","Tapirus_terrestris","PVC",0
"B40","Tapirus_terrestris","Silicon",0
"B40","Tapirus_terrestris","Rubber",1.25
"B40","Tapirus_terrestris","PET",0
"B40","Tapirus_terrestris","Teflon",0
"B41","Tapirus_terrestris","ABS",0
"B41","Tapirus_terrestris","Cellulose",0
"B41","Tapirus_terrestris","Other",290
"B41","Tapirus_terrestris","Polyamide",0
"B41","Tapirus_terrestris","Polyester",0
"B41","Tapirus_terrestris","Polyethylene",0
"B41","Tapirus_terrestris","Polypropylene",222.5
"B41","Tapirus_terrestris","Polystyrene",1.25
"B41","Tapirus_terrestris","PVC",0
"B41","Tapirus_terrestris","Silicon",0
"B41","Tapirus_terrestris","Rubber",0
"B41","Tapirus_terrestris","PET",0
"B41","Tapirus_terrestris","Teflon",0
"B42","Tapirus_terrestris","ABS",0
"B42","Tapirus_terrestris","Cellulose",0
"B42","Tapirus_terrestris","Other",37.5
"B42","Tapirus_terrestris","Polyamide",0
"B42","Tapirus_terrestris","Polyester",0
"B42","Tapirus_terrestris","Polyethylene",0
"B42","Tapirus_terrestris","Polypropylene",21.25
"B42","Tapirus_terrestris","Polystyrene",0
"B42","Tapirus_terrestris","PVC",0
"B42","Tapirus_terrestris","Silicon",0
"B42","Tapirus_terrestris","Rubber",0
"B42","Tapirus_terrestris","PET",0
"B42","Tapirus_terrestris","Teflon",0
"B43","Tapirus_terrestris","ABS",0
"B43","Tapirus_terrestris","Cellulose",1.25
"B43","Tapirus_terrestris","Other",10
"B43","Tapirus_terrestris","Polyamide",0
"B43","Tapirus_terrestris","Polyester",0
"B43","Tapirus_terrestris","Polyethylene",0
"B43","Tapirus_terrestris","Polypropylene",0
"B43","Tapirus_terrestris","Polystyrene",0
"B43","Tapirus_terrestris","PVC",0
"B43","Tapirus_terrestris","Silicon",0
"B43","Tapirus_terrestris","Rubber",0
"B43","Tapirus_terrestris","PET",0
"B43","Tapirus_terrestris","Teflon",0
"B44","Tapirus_terrestris","ABS",0
"B44","Tapirus_terrestris","Cellulose",0
"B44","Tapirus_terrestris","Other",1.25
"B44","Tapirus_terrestris","Polyamide",0
"B44","Tapirus_terrestris","Polyester",0
"B44","Tapirus_terrestris","Polyethylene",0
"B44","Tapirus_terrestris","Polypropylene",0
"B44","Tapirus_terrestris","Polystyrene",5
"B44","Tapirus_terrestris","PVC",3.75
"B44","Tapirus_terrestris","Silicon",1.25
"B44","Tapirus_terrestris","Rubber",0
"B44","Tapirus_terrestris","PET",0
"B44","Tapirus_terrestris","Teflon",0
"B45","Tapirus_terrestris","ABS",0
"B45","Tapirus_terrestris","Cellulose",0
"B45","Tapirus_terrestris","Other",0
"B45","Tapirus_terrestris","Polyamide",0
"B45","Tapirus_terrestris","Polyester",0
"B45","Tapirus_terrestris","Polyethylene",0
"B45","Tapirus_terrestris","Polypropylene",0
"B45","Tapirus_terrestris","Polystyrene",0
"B45","Tapirus_terrestris","PVC",1.25
"B45","Tapirus_terrestris","Silicon",0
"B45","Tapirus_terrestris","Rubber",0
"B45","Tapirus_terrestris","PET",0
"B45","Tapirus_terrestris","Teflon",3.75
"B46","Tapirus_terrestris","ABS",0
"B46","Tapirus_terrestris","Cellulose",0
"B46","Tapirus_terrestris","Other",0
"B46","Tapirus_terrestris","Polyamide",0
"B46","Tapirus_terrestris","Polyester",0
"B46","Tapirus_terrestris","Polyethylene",0
"B46","Tapirus_terrestris","Polypropylene",0
"B46","Tapirus_terrestris","Polystyrene",2.5
"B46","Tapirus_terrestris","PVC",1.25
"B46","Tapirus_terrestris","Silicon",0
"B46","Tapirus_terrestris","Rubber",0
"B46","Tapirus_terrestris","PET",0
"B46","Tapirus_terrestris","Teflon",0
"B47","Tapirus_terrestris","ABS",0
"B47","Tapirus_terrestris","Cellulose",0
"B47","Tapirus_terrestris","Other",11.25
"B47","Tapirus_terrestris","Polyamide",0
"B47","Tapirus_terrestris","Polyester",0
"B47","Tapirus_terrestris","Polyethylene",1.25
"B47","Tapirus_terrestris","Polypropylene",110
"B47","Tapirus_terrestris","Polystyrene",0
"B47","Tapirus_terrestris","PVC",1.25
"B47","Tapirus_terrestris","Silicon",0
"B47","Tapirus_terrestris","Rubber",0
"B47","Tapirus_terrestris","PET",0
"B47","Tapirus_terrestris","Teflon",1.25
"B48","Tapirus_terrestris","ABS",1.25
"B48","Tapirus_terrestris","Cellulose",0
"B48","Tapirus_terrestris","Other",8.75
"B48","Tapirus_terrestris","Polyamide",41.25
"B48","Tapirus_terrestris","Polyester",0
"B48","Tapirus_terrestris","Polyethylene",0
"B48","Tapirus_terrestris","Polypropylene",0
"B48","Tapirus_terrestris","Polystyrene",0
"B48","Tapirus_terrestris","PVC",0
"B48","Tapirus_terrestris","Silicon",0
"B48","Tapirus_terrestris","Rubber",3.75
"B48","Tapirus_terrestris","PET",0
"B48","Tapirus_terrestris","Teflon",0
"B49","Tapirus_terrestris","ABS",1.25
"B49","Tapirus_terrestris","Cellulose",0
"B49","Tapirus_terrestris","Other",208.75
"B49","Tapirus_terrestris","Polyamide",247.5
"B49","Tapirus_terrestris","Polyester",1.25
"B49","Tapirus_terrestris","Polyethylene",13.75
"B49","Tapirus_terrestris","Polypropylene",716.25
"B49","Tapirus_terrestris","Polystyrene",11.25
"B49","Tapirus_terrestris","PVC",3.75
"B49","Tapirus_terrestris","Silicon",0
"B49","Tapirus_terrestris","Rubber",6.25
"B49","Tapirus_terrestris","PET",0
"B49","Tapirus_terrestris","Teflon",1.25
"B5","Myrmecophaga_tridactyla","ABS",1.25
"B5","Myrmecophaga_tridactyla","Cellulose",0
"B5","Myrmecophaga_tridactyla","Other",2.5
"B5","Myrmecophaga_tridactyla","Polyamide",1.25
"B5","Myrmecophaga_tridactyla","Polyester",0
"B5","Myrmecophaga_tridactyla","Polyethylene",0
"B5","Myrmecophaga_tridactyla","Polypropylene",0
"B5","Myrmecophaga_tridactyla","Polystyrene",0
"B5","Myrmecophaga_tridactyla","PVC",11.25
"B5","Myrmecophaga_tridactyla","Silicon",0
"B5","Myrmecophaga_tridactyla","Rubber",1.25
"B5","Myrmecophaga_tridactyla","PET",2.5
"B5","Myrmecophaga_tridactyla","Teflon",0
"B50","Tapirus_terrestris","ABS",1.25
"B50","Tapirus_terrestris","Cellulose",5
"B50","Tapirus_terrestris","Other",1.25
"B50","Tapirus_terrestris","Polyamide",0
"B50","Tapirus_terrestris","Polyester",0
"B50","Tapirus_terrestris","Polyethylene",0
"B50","Tapirus_terrestris","Polypropylene",13.75
"B50","Tapirus_terrestris","Polystyrene",0
"B50","Tapirus_terrestris","PVC",0
"B50","Tapirus_terrestris","Silicon",0
"B50","Tapirus_terrestris","Rubber",2.5
"B50","Tapirus_terrestris","PET",0
"B50","Tapirus_terrestris","Teflon",0
"B51","Tapirus_terrestris","ABS",2.5
"B51","Tapirus_terrestris","Cellulose",0
"B51","Tapirus_terrestris","Other",16.25
"B51","Tapirus_terrestris","Polyamide",0
"B51","Tapirus_terrestris","Polyester",0
"B51","Tapirus_terrestris","Polyethylene",0
"B51","Tapirus_terrestris","Polypropylene",0
"B51","Tapirus_terrestris","Polystyrene",0
"B51","Tapirus_terrestris","PVC",0
"B51","Tapirus_terrestris","Silicon",0
"B51","Tapirus_terrestris","Rubber",0
"B51","Tapirus_terrestris","PET",0
"B51","Tapirus_terrestris","Teflon",0
"B52","Tapirus_terrestris","ABS",0
"B52","Tapirus_terrestris","Cellulose",0
"B52","Tapirus_terrestris","Other",0
"B52","Tapirus_terrestris","Polyamide",32.5
"B52","Tapirus_terrestris","Polyester",0
"B52","Tapirus_terrestris","Polyethylene",0
"B52","Tapirus_terrestris","Polypropylene",0
"B52","Tapirus_terrestris","Polystyrene",1.25
"B52","Tapirus_terrestris","PVC",0
"B52","Tapirus_terrestris","Silicon",0
"B52","Tapirus_terrestris","Rubber",1.25
"B52","Tapirus_terrestris","PET",0
"B52","Tapirus_terrestris","Teflon",0
"B53","Tapirus_terrestris","ABS",1.25
"B53","Tapirus_terrestris","Cellulose",0
"B53","Tapirus_terrestris","Other",37.5
"B53","Tapirus_terrestris","Polyamide",23.75
"B53","Tapirus_terrestris","Polyester",0
"B53","Tapirus_terrestris","Polyethylene",2.5
"B53","Tapirus_terrestris","Polypropylene",22.5
"B53","Tapirus_terrestris","Polystyrene",0
"B53","Tapirus_terrestris","PVC",2.5
"B53","Tapirus_terrestris","Silicon",0
"B53","Tapirus_terrestris","Rubber",0
"B53","Tapirus_terrestris","PET",0
"B53","Tapirus_terrestris","Teflon",1.25
"B54","Tapirus_terrestris","ABS",0
"B54","Tapirus_terrestris","Cellulose",0
"B54","Tapirus_terrestris","Other",2.5
"B54","Tapirus_terrestris","Polyamide",0
"B54","Tapirus_terrestris","Polyester",0
"B54","Tapirus_terrestris","Polyethylene",0
"B54","Tapirus_terrestris","Polypropylene",0
"B54","Tapirus_terrestris","Polystyrene",3.75
"B54","Tapirus_terrestris","PVC",0
"B54","Tapirus_terrestris","Silicon",0
"B54","Tapirus_terrestris","Rubber",1.25
"B54","Tapirus_terrestris","PET",0
"B54","Tapirus_terrestris","Teflon",0
"B55","Tapirus_terrestris","ABS",0
"B55","Tapirus_terrestris","Cellulose",0
"B55","Tapirus_terrestris","Other",0
"B55","Tapirus_terrestris","Polyamide",1.25
"B55","Tapirus_terrestris","Polyester",0
"B55","Tapirus_terrestris","Polyethylene",0
"B55","Tapirus_terrestris","Polypropylene",0
"B55","Tapirus_terrestris","Polystyrene",0
"B55","Tapirus_terrestris","PVC",0
"B55","Tapirus_terrestris","Silicon",0
"B55","Tapirus_terrestris","Rubber",0
"B55","Tapirus_terrestris","PET",0
"B55","Tapirus_terrestris","Teflon",0
"B56","Tapirus_terrestris","ABS",0
"B56","Tapirus_terrestris","Cellulose",3.75
"B56","Tapirus_terrestris","Other",6.25
"B56","Tapirus_terrestris","Polyamide",0
"B56","Tapirus_terrestris","Polyester",0
"B56","Tapirus_terrestris","Polyethylene",0
"B56","Tapirus_terrestris","Polypropylene",0
"B56","Tapirus_terrestris","Polystyrene",0
"B56","Tapirus_terrestris","PVC",3.75
"B56","Tapirus_terrestris","Silicon",0
"B56","Tapirus_terrestris","Rubber",1.25
"B56","Tapirus_terrestris","PET",0
"B56","Tapirus_terrestris","Teflon",0
"B6","Myrmecophaga_tridactyla","ABS",0
"B6","Myrmecophaga_tridactyla","Cellulose",15
"B6","Myrmecophaga_tridactyla","Other",3.75
"B6","Myrmecophaga_tridactyla","Polyamide",0
"B6","Myrmecophaga_tridactyla","Polyester",0
"B6","Myrmecophaga_tridactyla","Polyethylene",0
"B6","Myrmecophaga_tridactyla","Polypropylene",5
"B6","Myrmecophaga_tridactyla","Polystyrene",1.25
"B6","Myrmecophaga_tridactyla","PVC",0
"B6","Myrmecophaga_tridactyla","Silicon",0
"B6","Myrmecophaga_tridactyla","Rubber",3.75
"B6","Myrmecophaga_tridactyla","PET",0
"B6","Myrmecophaga_tridactyla","Teflon",0
"B7","Myrmecophaga_tridactyla","ABS",0
"B7","Myrmecophaga_tridactyla","Cellulose",22.5
"B7","Myrmecophaga_tridactyla","Other",8.75
"B7","Myrmecophaga_tridactyla","Polyamide",2.5
"B7","Myrmecophaga_tridactyla","Polyester",0
"B7","Myrmecophaga_tridactyla","Polyethylene",0
"B7","Myrmecophaga_tridactyla","Polypropylene",16.25
"B7","Myrmecophaga_tridactyla","Polystyrene",11.25
"B7","Myrmecophaga_tridactyla","PVC",10
"B7","Myrmecophaga_tridactyla","Silicon",2.5
"B7","Myrmecophaga_tridactyla","Rubber",2.5
"B7","Myrmecophaga_tridactyla","PET",0
"B7","Myrmecophaga_tridactyla","Teflon",46.25
"B8","Myrmecophaga_tridactyla","ABS",2.5
"B8","Myrmecophaga_tridactyla","Cellulose",17.5
"B8","Myrmecophaga_tridactyla","Other",3.75
"B8","Myrmecophaga_tridactyla","Polyamide",0
"B8","Myrmecophaga_tridactyla","Polyester",0
"B8","Myrmecophaga_tridactyla","Polyethylene",0
"B8","Myrmecophaga_tridactyla","Polypropylene",0
"B8","Myrmecophaga_tridactyla","Polystyrene",0
"B8","Myrmecophaga_tridactyla","PVC",76.25
"B8","Myrmecophaga_tridactyla","Silicon",0
"B8","Myrmecophaga_tridactyla","Rubber",0
"B8","Myrmecophaga_tridactyla","PET",0
"B8","Myrmecophaga_tridactyla","Teflon",0
"B9","Myrmecophaga_tridactyla","ABS",0
"B9","Myrmecophaga_tridactyla","Cellulose",0
"B9","Myrmecophaga_tridactyla","Other",1.25
"B9","Myrmecophaga_tridactyla","Polyamide",2.5
"B9","Myrmecophaga_tridactyla","Polyester",0
"B9","Myrmecophaga_tridactyla","Polyethylene",0
"B9","Myrmecophaga_tridactyla","Polypropylene",0
"B9","Myrmecophaga_tridactyla","Polystyrene",0
"B9","Myrmecophaga_tridactyla","PVC",0
"B9","Myrmecophaga_tridactyla","Silicon",0
"B9","Myrmecophaga_tridactyla","Rubber",1.25
"B9","Myrmecophaga_tridactyla","PET",0
"B9","Myrmecophaga_tridactyla","Teflon",0
