binomial,ID,Year,Lat,Long,Frequency,Duration,n,n_area,tau_p,tau_p_min,tau_p_max,tau_p_var,tau_v,tau_v_min,tau_v_max,tau_v_var,sigma,l_v,diffusion,diffusion_min,diffusion_max,hr,hr_min,hr_max
Myrmecophaga_tridactyla,Alvinho_Alvaro,2023,-20.860491,-52.026461,80.01666667,254.9444097,3729,211.6158571,87473.90854,74338.54191,102930.2496,48641152.98,2903.563725,2307.486464,3653.621563,103477.3981,163936.6485,73.76739393,3.407583058,3.140473288,3.685439176,2155035.436,1874443.563,2454911.814
Myrmecophaga_tridactyla,Annie,2019,-21.633711,-53.496313,40.28333333,1085.722234,37159,1983.370226,44564.70916,42491.63917,46738.9195,1145287.556,1110.119806,1082.410509,1138.538451,202.3778859,161459.2164,63.41920704,6.632426149,6.519767481,6.746036463,2453239.607,2346450.089,2562372.116
Myrmecophaga_tridactyla,Berta,2022,-21.6234825,-53.515275,80,777.0554167,13184,373.2966828,160833.7559,141309.2387,183055.9509,105739552.2,7400.708018,6216.69497,8810.224635,397453.9654,565288.4213,161.2809519,6.059389222,5.651031784,6.481789966,7832083.286,7057630.08,8646272.985
Myrmecophaga_tridactyla,Dan,2022,-21.6583925,-53.6035935,79.76666667,1079.972188,20404,866.6339569,107119.8102,99943.30931,114811.6248,13872032.91,NA,NA,NA,NA,432585.714,NA,8.364515144,8.237217578,8.492775284,6008266.692,5614855.215,6414810.069
Myrmecophaga_tridactyla,Fellippi,2022,-21.643541,-53.600648,80,434.2224074,7489,476.2475317,47660.0452,37698.58106,60253.72426,28964823.98,13959.90851,10280.35778,18956.44585,4090273.882,145798.0777,206.6521653,3.704728116,3.408194275,4.013454666,2098653.788,1914378.488,2291275.362
Myrmecophaga_tridactyla,Fernanda,2021,-21.654027,-53.601955,60.88333333,1584.208715,31317,3274.869565,38646.35059,37157.47165,40194.88806,588333.6973,1333.427912,1286.206647,1382.38284,590.8674911,220371.0262,87.19825084,10.15713761,9.988427447,10.32724109,3401907.892,3286382.087,3519401.444
Myrmecophaga_tridactyla,Hannah,2019,-21.660034,-53.598404,59.96666667,1875.999954,53208,1979.074368,80306.51196,76686.54894,84097.35413,3489575.197,628.4484368,612.0905252,645.2435081,70.56706801,293304.9822,47.90922699,7.085168174,6.997997326,7.172871123,3770064.46,3605777.511,3937959.862
Myrmecophaga_tridactyla,Joao,2022,-21.6584715,-53.6056365,80,700.7775579,12138,464.7714727,124727.1645,113126.5162,137517.4104,36753144.58,1028.468853,941.3361288,1123.666828,2064.235439,399686.6468,57.40832382,6.205366052,6.033959434,6.379139831,5440542.974,4957103.032,5946153.935
Myrmecophaga_tridactyla,Juliana,2021,-21.98716,-53.105252,60.11666667,527.5552662,9968,9.262181322,4005077.68,1853469.566,8654389.321,1.73681E+12,1452.678539,1377.18519,1532.310216,1523.094375,26069777.42,97.24067166,12.986102,12.54993711,13.42961328,356961827.3,165412344.3,620928395.3
Myrmecophaga_tridactyla,Kiko,2022,-21.64211,-53.605208,80.01666667,232.2777894,3659,244.2057978,23917.42515,21411.114,26717.11644,1726539.408,NA,NA,NA,NA,53417.31124,NA,1.65524059,1.464379278,1.857623776,918268.4895,806700.1788,1036957.714
Myrmecophaga_tridactyla,Majo,2023,-21.654322,-53.596659,80.01666667,196.1112153,2935,116.7242217,85698.71433,62239.64747,117999.8592,167368620,11100.51048,6438.557389,19138.03443,7350654.961,146230.4211,137.6268556,3.03533697,2.586492944,3.519563803,2261037.985,1869500.596,2689246.865
Myrmecophaga_tridactyla,Mogli,2022,-21.6320735,-53.510859,80,708.2773032,12164,209.8012748,281245.1436,243662.6365,324624.3737,394472954.4,774.27719,680.1748306,881.3986345,2456.47116,797342.6132,46.85200751,5.664893945,5.499812712,5.832382183,7781572.512,6764171.62,8869209.481
Myrmecophaga_tridactyla,Nobilis,2022,-21.665443,-53.6041465,80,746,12920,962.998882,63065.00026,58774.35498,67668.87121,4961322.125,1556.134796,1470.653834,1646.584293,1955.761043,358621.822,94.06926752,10.44216648,10.16434363,10.72368304,4827943.863,4527791.711,5137592.309
Myrmecophaga_tridactyla,Sheron,2020,-21.642954,-53.603182,60.01666667,1789.236493,44748,1122.440892,132673.1026,124846.7229,140990.1016,16429192.1,475.3363291,457.0255059,494.3807793,88.98561888,383099.6542,37.04801478,5.833711122,5.756824281,5.911100944,5582595.551,5260741.828,5913870.229
Myrmecophaga_tridactyla,Spatzle,2022,-21.6351975,-53.6147555,80,795.0004977,14158,1105.521429,56359.10751,52740.06939,60226.48503,3522629.161,2094.226415,2007.289778,2184.928317,2008.976407,345271.3856,113.2687367,10.93920912,10.65079881,11.2314187,4563224.012,4298164.533,4836102.047
Myrmecophaga_tridactyla,Thomas,2021,-21.6260085,-53.5097815,79.56666667,1913.944792,27278,1358.487363,65648.3092,62045.4107,69460.42346,3474320.003,793.6774223,769.0890597,819.0518936,159.8433699,289657.5489,59.17696205,8.371496714,8.230676671,8.513494656,3938302.003,3731635.834,4150459.54
Myrmecophaga_tridactyla,Tsuru,2023,-21.656965,-53.598216,80.01666667,178.1110764,2814,127.8946187,94136.75242,70264.51365,126119.5402,171057534.5,8226.383628,4493.979107,15058.67873,4844516.375,118102.3716,101.5907538,1.986860961,1.721308005,2.27118463,1664727.442,1388733.82,1965364.206
Myrmecophaga_tridactyla,Ty,2022,-21.640795,-53.60502,79.23333333,934.0694907,18299,1065.038538,70340.3994,65873.1853,75110.55926,5365295.113,1373.197342,1311.115136,1438.219183,1026.427606,187361.1516,60.47889332,4.927623166,4.815689074,5.040825357,2836756.438,2668925.279,3009632.786
Myrmecophaga_tridactyla,Wal,2023,-21.364353,-53.877401,80,134.8891898,2395,109.3395895,72517.29957,49524.06428,106185.9283,165576131,15934.60141,10241.12809,24793.31572,10448226.55,264294.9414,240.9873333,4.800958761,4.099755469,5.556703016,5122574.636,4207519.686,6126319.523
Myrmecophaga_tridactyla,Yorgan,2022,-21.6539855,-53.6079325,80,789.8889236,13898,590.771251,78053.29683,68616.85313,88787.47521,24692977.04,9936.551311,8580.29681,11507.18374,514550.8545,567472.3028,268.7785141,11.28044774,10.63616543,11.94340755,6816106.61,6277479.273,7376587.107